Search Term,Date,Title,Country,Description,URL
site:instagram.com #Indigenomics,Unknown,Indigenomics (@indigenomics) · Instagram photos and Reels,ca, Home of the #Indigenomics movement | |Global #Indigenous #Technology House | #indigenomicsNOW @Hesquiaht www.indigenomicsinstitute.com. ,https://www.instagram.com/indigenomics/
site:instagram.com #Indigenomics,Unknown,Indigenomics.com is live! We have merged The ... - Instagram,ca," 21 hours ago  ·  Indigenomics IMPACT experience is an immersive journey into Indigenous economic reconciliation. Through XR storytelling, digital landscapes, and ... ",https://www.instagram.com/indigenomics/p/DHUBtSazhyz/
site:instagram.com #Indigenomics,"Mar 10, 2025",Indigenomics IMPACT experience is an immersive ... - Instagram,ca," Mar 10, 2025  ·  Indigenomics IMPACT experience is an immersive journey into Indigenous economic reconciliation. Through XR storytelling, digital landscapes, ... ",https://www.instagram.com/indigenomics/p/DHB-YpOpoQm/
site:instagram.com #Indigenomics,"Jan 21, 2025",The Indigenomics Institute is thrilled to invite leading ... - Instagram,ca," Jan 21, 2025  ·  Indigenomics IMPACT experience is an immersive journey into Indigenous economic reconciliation. Through XR storytelling, digital landscapes, and ... ",https://www.instagram.com/indigenomics/p/DFGYhuOJUuy/
site:instagram.com #Indigenomics,"Feb 26, 2025",The Indigenomics Impact Agenda is LIVE! Get ready for ... - Instagram,ca," Feb 26, 2025  ·  The Indigenous economy is rising—on track to exceed $100 billion—but outdated, colonial policies of Canada's Indian Act still stand in the way. ",https://www.instagram.com/indigenomics/p/DGi9DooT3cA/
site:instagram.com #Indigenomics,"Jan 9, 2025",The Indigenomics Institute is proud to launch the inaugural LEGO ...,ca," Jan 9, 2025  ·  The Indigenomics LEGO DESIGN Session is an opportunity to collaborate, learn, and innovate in a hands-on experience that strengthens Indigenous ... ",https://www.instagram.com/indigenomics/p/DEniBO0JARF/
site:instagram.com #Indigenomics,"Oct 10, 2024",Indigenomics | Presenting Economic Development award to N'ch ...,ca," Oct 10, 2024  ·  We're thrilled to highlight the Indigenous Prosperity Centre, a distinguished recipient of the Indigenomics 10 to Watch 2024 Award! ",https://www.instagram.com/indigenomics/p/DA7WIn-Pzaj/
site:instagram.com #Indigenomics,"Oct 28, 2024",Indigenomics NOW is a powerful platform reimagining Indigenous ...,ca," Oct 28, 2024  ·  Each session dives deep into how Indigenous businesses are shaping a resilient future, blending ancestral knowledge with cutting-edge strategies ... ",https://www.instagram.com/indigenomics/p/DBrdfXKJVHz/
site:instagram.com #Indigenomics,"Sep 21, 2024",What does a $100 billion Indigenous economy look like? Using AI ...,ca," Sep 21, 2024  ·  Using AI, Carol Anne Hilton's groundbreaking National AI Generative Economic Study explores the rise of Indigenous economic power. Join us at ... ",https://www.instagram.com/indigenomics/p/DAMJUhVt6LY/
site:instagram.com #Indigenomics,"Jan 30, 2025","Indigenomics on Instagram: ""It's time to recognize the power ...",ca," Jan 30, 2025  ·  It's time to recognize the power, innovation, and leadership of Indigenous businesses, entrepreneurs, and communities driving economic ... ",https://www.instagram.com/indigenomics/p/DFd4AV5Pvl1/
site:instagram.com #Indigenomics,"Jun 12, 2024","Indigenomics on Instagram: """" The source of poverty is twofold. First ...",ca," Jun 12, 2024  ·  The source of poverty is twofold. First is the absence of opportunity we have experienced as Indigenous peoples through the reserve systems ... ",https://www.instagram.com/indigenomics/p/C8H7mNtAgaC/
site:instagram.com #Indigenomics,"Oct 9, 2024",Carol Anne Hilton - indigenomics - Instagram,ca," Oct 9, 2024  ·  An incredible lineup of speakers who are shaping the future of the Indigenous economy. From economic leadership to sustainable development. ",https://www.instagram.com/indigenomics/p/DA6g3CbJWRy/
site:instagram.com #Indigenomics,"Oct 4, 2024",Indigenomics Bay Street is just around the corner! We're diving into ...,ca," Oct 4, 2024  ·  We're diving into the next Indigenous economy, expanding the potential beyond $100 billion. Join us for Indigenomics Innovation Day, ... ",https://www.instagram.com/indigenomics/p/DAtqXM3pigz/
site:instagram.com #Indigenomics,"Jun 19, 2024",Indigenomics SHE: 'Beyond Resilience' - Things You ... - Instagram,ca," Jun 19, 2024  ·  Hear from Indigenous women across a variety of perspectives from executive leadership, start ups, consulting, finance and business management ... ",https://www.instagram.com/indigenomics/p/C8aIZFMJnCf/
site:instagram.com #Indigenomics,"Sep 26, 2024",Indigenomics on Instagram,ca," Sep 26, 2024  ·  Join us at Indigenomics on BAY STREET to explore how Indigenous economic growth is essential to building a prosperous and inclusive future for ... ",https://www.instagram.com/indigenomics/p/DAZKG6tR6JM/
site:instagram.com #Indigenomics,"Aug 29, 2024",Registration is closing soon for Indigenomics SHE on ... - Instagram,ca," Aug 29, 2024  ·  This conference emphasizes a strengths-based narrative of Indigenous economic growth, design, inclusion, and reconciliation. By bringing ... ",https://www.instagram.com/indigenomics/p/C_RQ78FsIUm/
site:instagram.com #Indigenomics,"Nov 19, 2024",In the Indigenous Economic Design content stream at Indigenomics ...,ca," Nov 19, 2024  ·  The Indigenous economy is rising—and we're inviting dynamic voices to take the stage at Indigenomics IMPACT! join the conversation as a speaker ... ",https://www.instagram.com/indigenomics/p/DCj_dEhp1FS/in-the-indigenous-economic-design-content-stream-at-indigenomics-now-we-explored/?locale=id
site:instagram.com #Indigenomics,"Mar 4, 2025",Invest in Economic Reconciliation – Become an Indigenomics ...,ca," Mar 4, 2025  ·  “Breaking free from Indian Act economics requires systemic change, investment in Indigenous-led businesses, and a shift away from policies ... ",https://www.instagram.com/indigenomics/p/DGyeztkTVLx/
site:instagram.com #Indigenomics,"Jan 21, 2025",“It's time for the fire of Indigenous economic justice to ... - Instagram,ca," Jan 21, 2025  ·  Indigenomics IMPACT experience is an immersive journey into Indigenous economic reconciliation. Through XR storytelling, digital landscapes, and ... ",https://www.instagram.com/indigenomics/p/DFGkN2zTDdP/?api=%E8%99%8E%E4%B8%98%E5%8C%BA%E6%89%BE%E5%B0%8F%E5%A7%90%E6%8C%89%E6%91%A9%E5%85%A8%E5%A5%97%E6%9C%8D%E5%8A%A1v%E4%BF%A11646224-%E8%99%8E%E4%B8%98%E5%8C%BA%E6%89%BE%E5%B0%8F%E5%A7%90%E5%AD%A6%E7%94%9F%E5%A6%B9%E8%81%94%E7%B3%BB%E6%96%B9%E5%BC%8F-%E8%99%8E%E4%B8%98%E5%8C%BA%E6%89%BE%E5%B0%8F%E5%A7%90%E7%89%B9%E6%AE%8A%E5%85%A8%E5%A5%97%E6%9C%8D%E5%8A%A1-%E8%99%8E%E4%B8%98%E5%8C%BA%E6%89%BE%E5%B0%8F%E5%A7%90%E7%BA%A6%E5%B0%8F%E5%A6%B9%E5%85%A8%E5%A5%97%E6%8C%89%E6%91%A9%E6%9C%8D%E5%8A%A1-%E8%99%8E%E4%B8%98%E5%8C%BA%E6%80%8E%E4%B9%88%E6%89%BE%E5%B0%8F%E5%A6%B9%E7%BA%A6%E5%B0%8F%E5%A7%90%E5%AD%A6%E7%94%9F%E5%A6%B9%E6%8C%89%E6%91%A9%E5%85%A8%E5%A5%97%E6%9C%8D%E5%8A%A1.avnc&hl=ne
site:instagram.com #Indigenomics,Unknown,,ca,,https://www.google.com/search?num=27
site:instagram.com #Indigenomics,"Feb 22, 2025",Indigenomics book 2 now available for pre-order- see link in bio ...,ca," Feb 22, 2025  ·  What does it mean to build generational impact? How do we design Indigenous economic futures that thrive and are sustainable? Join us at ... ",https://www.instagram.com/hesquiaht/p/DGZIQGaSDIV/
site:instagram.com #Indigenomics,"Jan 30, 2025",打开应用,ca," Jan 30, 2025  ·  The Indigenomics LEGO Design Session in Vancouver is almost at capacity! ... What to Expect: -Hands-on innovation in economic reconciliation - ... ",https://www.instagram.com/indigenomics/p/DFd4AV5Pvl1/?api=1&hl=zh-cn
site:instagram.com #Indigenomics,"Oct 17, 2024","Indigenomics on Instagram: ""The $100 billion Indigenous economy ...",ca," Oct 17, 2024  ·  The $100 billion Indigenous economy is no longer just a goal—it's a reality being built today! At the Beyond $100 Billion plenary session, ... ",https://www.instagram.com/indigenomics/p/DBPJS-GsLb4/
site:instagram.com #Indigenomics,"Feb 28, 2025",更多,ca," Feb 28, 2025  ·  23 likes, 4 comments - indigenomics，February 28, 2025 : ""SAVE THE DATE – INDIGENOMICS BAY STREET Toronto | November 6-7 The Indigenous ... ",https://www.instagram.com/indigenomics/reel/DGoUWMYIUFj/?api=WhatsApp%E5%8D%8F%E8%AE%AE%E6%8B%89%E7%BE%A4%F0%9F%92%B0-[%E8%AE%A4%E5%87%86%E5%A4%A7%E8%BD%A9TG%3A%40TC2397431747]-ws%E7%BE%A4%E5%8F%91%E6%8B%89%E7%BE%A4%2FWS%E5%8D%8F%E8%AE%AE%E5%8F%B7%E7%BB%B4%E6%8A%A4%2FWS%E7%AD%9B%E9%80%89%E5%99%A8.bmdg&hl=zh-cn
site:instagram.com #Indigenomics,"Jan 14, 2025",Indigenomics on Instagram,ca," Jan 14, 2025  ·  Join us this April at the HR MacMillan Space Centre in Vancouver, where we will highlight stories of Indigenous economic reconciliation outcomes ... ",https://www.instagram.com/indigenomics/p/DE0kbDHTjya/
