Search Term,URL,Title,Country,Description,Date
site:instagram.com #Indigenomics,https://www.instagram.com/indigenomics/,Indigenomics (@indigenomics) · Instagram photos and Reels,ca, Home of the #Indigenomics movement | |Global #Indigenous #Technology House | #indigenomicsNOW @Hesquiaht www.indigenomicsinstitute.com. ,Unknown
site:instagram.com #Indigenomics,https://www.instagram.com/indigenomics/p/DG5_E5OzyKy/,indigenomics - Instagram,ca," 8 days ago  ·  The Indigenous economy is on the rise, and these visionary leaders are boldly shaping the future. We are beyond excited to unveil the first ... ",Unknown
site:instagram.com #Indigenomics,https://www.instagram.com/indigenomics/p/DHEsNANN69w/,"""The fire of Indigenous economic justice has been set in ... - Instagram",ca," 3 days ago  ·  Indigenomics IMPACT experience is an immersive journey into Indigenous economic reconciliation. Through XR storytelling, digital landscapes, and ... ",Unknown
site:instagram.com #Indigenomics,https://www.instagram.com/indigenomics/reel/DHKNjvvM6_0/,Indigenomics IMPACT 2025 –Powerhouse Panels Driving Change ...,ca," 23 hours ago  ·  Indigenomics IMPACT experience is an immersive journey into Indigenous economic reconciliation. Through XR storytelling, digital landscapes, and ... ",Unknown
site:instagram.com #Indigenomics,https://www.instagram.com/indigenomics/p/DFGYhuOJUuy/,The Indigenomics Institute is thrilled to invite leading ... - Instagram,ca," Jan 21, 2025  ·  Indigenomics IMPACT experience is an immersive journey into Indigenous economic reconciliation. Through XR storytelling, digital landscapes, and ... ","Jan 21, 2025"
site:instagram.com #Indigenomics,https://www.instagram.com/indigenomics/p/DGi9DooT3cA/,The Indigenomics Impact Agenda is LIVE! Get ready for ... - Instagram,ca," Feb 26, 2025  ·  The Indigenous economy is rising—on track to exceed $100 billion—but outdated, colonial policies of Canada's Indian Act still stand in the way. ","Feb 26, 2025"
site:instagram.com #Indigenomics,https://www.instagram.com/indigenomics/p/DA7WIn-Pzaj/,Indigenomics | Presenting Economic Development award to N'ch ...,ca," Oct 10, 2024  ·  We're thrilled to highlight the Indigenous Prosperity Centre, a distinguished recipient of the Indigenomics 10 to Watch 2024 Award! ","Oct 10, 2024"
site:instagram.com #Indigenomics,https://www.instagram.com/indigenomics/p/DEniBO0JARF/,The Indigenomics Institute is proud to launch the inaugural LEGO ...,ca," Jan 9, 2025  ·  The Indigenomics LEGO DESIGN Session is an opportunity to collaborate, learn, and innovate in a hands-on experience that strengthens Indigenous ... ","Jan 9, 2025"
site:instagram.com #Indigenomics,https://www.instagram.com/indigenomics/reel/DGoUWMYIUFj/?locale=Buku%2Btentang%2Bmenghasilkan%2Buang%2Bsecara%2Bonline%E3%80%90GB777.BET%E3%80%91.ymew&hl=en,"Indigenomics on Instagram: ""SAVE THE DATE",ca," Feb 28, 2025  ·  “Breaking free from Indian Act economics requires systemic change, investment in Indigenous-led businesses, and a shift away from policies ... ","Feb 28, 2025"
site:instagram.com #Indigenomics,https://www.instagram.com/indigenomics/p/DAMJUhVt6LY/,What does a $100 billion Indigenous economy look like? Using AI ...,ca," Sep 21, 2024  ·  Using AI, Carol Anne Hilton's groundbreaking National AI Generative Economic Study explores the rise of Indigenous economic power. Join us at ... ","Sep 21, 2024"
site:instagram.com #Indigenomics,https://www.instagram.com/indigenomics/p/C8H7mNtAgaC/,"Indigenomics on Instagram: """" The source of poverty is twofold. First ...",ca," Jun 12, 2024  ·  The source of poverty is twofold. First is the absence of opportunity we have experienced as Indigenous peoples through the reserve systems ... ","Jun 12, 2024"
site:instagram.com #Indigenomics,https://www.instagram.com/indigenomics/p/DA6g3CbJWRy/,Carol Anne Hilton - indigenomics - Instagram,ca," Oct 9, 2024  ·  An incredible lineup of speakers who are shaping the future of the Indigenous economy. From economic leadership to sustainable development. ","Oct 9, 2024"
site:instagram.com #Indigenomics,https://www.instagram.com/indigenomics/p/DAtqXM3pigz/,Indigenomics Bay Street is just around the corner! We're diving into ...,ca," Oct 4, 2024  ·  We're diving into the next Indigenous economy, expanding the potential beyond $100 billion. Join us for Indigenomics Innovation Day, ... ","Oct 4, 2024"
site:instagram.com #Indigenomics,https://www.instagram.com/indigenomics/p/C56UEdExWCz/,The Indigenomics Institute is excited to welcome ... - Instagram,ca," Apr 18, 2024  ·  Prepare to engage with visionary leaders, transformative sessions, and inspiring stories that are shaping the future of the Indigenous economy. ","Apr 18, 2024"
site:instagram.com #Indigenomics,https://www.instagram.com/indigenomics/p/DAZKG6tR6JM/,Indigenomics on Instagram,ca," Sep 26, 2024  ·  Join us at Indigenomics on BAY STREET to explore how Indigenous economic growth is essential to building a prosperous and inclusive future for ... ","Sep 26, 2024"
site:instagram.com #Indigenomics,https://www.instagram.com/indigenomics/p/DCj_dEhp1FS/in-the-indigenous-economic-design-content-stream-at-indigenomics-now-we-explored/?locale=id,In the Indigenous Economic Design content stream at Indigenomics ...,ca," Nov 19, 2024  ·  The Indigenous economy is rising—and we're inviting dynamic voices to take the stage at Indigenomics IMPACT! join the conversation as a speaker ... ","Nov 19, 2024"
site:instagram.com #Indigenomics,https://www.instagram.com/indigenomics/p/DFGkN2zTDdP/?api=%E8%99%8E%E4%B8%98%E5%8C%BA%E6%89%BE%E5%B0%8F%E5%A7%90%E6%8C%89%E6%91%A9%E5%85%A8%E5%A5%97%E6%9C%8D%E5%8A%A1v%E4%BF%A11646224-%E8%99%8E%E4%B8%98%E5%8C%BA%E6%89%BE%E5%B0%8F%E5%A7%90%E5%AD%A6%E7%94%9F%E5%A6%B9%E8%81%94%E7%B3%BB%E6%96%B9%E5%BC%8F-%E8%99%8E%E4%B8%98%E5%8C%BA%E6%89%BE%E5%B0%8F%E5%A7%90%E7%89%B9%E6%AE%8A%E5%85%A8%E5%A5%97%E6%9C%8D%E5%8A%A1-%E8%99%8E%E4%B8%98%E5%8C%BA%E6%89%BE%E5%B0%8F%E5%A7%90%E7%BA%A6%E5%B0%8F%E5%A6%B9%E5%85%A8%E5%A5%97%E6%8C%89%E6%91%A9%E6%9C%8D%E5%8A%A1-%E8%99%8E%E4%B8%98%E5%8C%BA%E6%80%8E%E4%B9%88%E6%89%BE%E5%B0%8F%E5%A6%B9%E7%BA%A6%E5%B0%8F%E5%A7%90%E5%AD%A6%E7%94%9F%E5%A6%B9%E6%8C%89%E6%91%A9%E5%85%A8%E5%A5%97%E6%9C%8D%E5%8A%A1.avnc&hl=ne,“It's time for the fire of Indigenous economic justice to ... - Instagram,ca," Jan 21, 2025  ·  Indigenomics IMPACT experience is an immersive journey into Indigenous economic reconciliation. Through XR storytelling, digital landscapes, and ... ","Jan 21, 2025"
site:instagram.com #Indigenomics,https://www.instagram.com/hesquiaht/p/DGZIQGaSDIV/,Indigenomics book 2 now available for pre-order- see link in bio ...,ca," Feb 22, 2025  ·  What does it mean to build generational impact? How do we design Indigenous economic futures that thrive and are sustainable? Join us at ... ","Feb 22, 2025"
site:instagram.com #Indigenomics,https://www.instagram.com/indigenomics/p/DCAfMaRpJ3m/?locale=id&hl=en,Indigenomics di Instagram,ca," Nov 5, 2024  ·  The Indigenomics LEGO Design Session in Vancouver is almost at capacity! This one-of-a-kind experience brings together organizations and ... ","Nov 5, 2024"
site:instagram.com #Indigenomics,https://www.google.com/search?num=27,,ca,,Unknown
site:instagram.com #Indigenomics,https://www.instagram.com/indigenomics/p/C8aIZFMJnCf/,Indigenomics SHE: 'Beyond Resilience' - Things You ... - Instagram,ca," Jun 19, 2024  ·  Hear from Indigenous women across a variety of perspectives from executive leadership, start ups, consulting, finance and business management ... ","Jun 19, 2024"
site:instagram.com #Indigenomics,https://www.instagram.com/indigenomics/p/DF-wsqhNEJv/?locale=my&hl=en,Registration for Indigenomics IMPACT is NOW OPEN! Are you ready ...,ca," Feb 12, 2025  ·  Don't miss your chance to join Indigenomics IMPACT, a game-changing event designed to celebrate and advance success within the Indigenous ... ","Feb 12, 2025"
site:instagram.com #Indigenomics,https://www.instagram.com/indigenomics/reel/DA10Psdqhwx/,more - Instagram,ca," Oct 7, 2024  ·  26 likes, 0 comments - indigenomics on October 7, 2024: ""Experience an unforgettable evening of inspiration, networking, and celebration of ... ","Oct 7, 2024"
site:instagram.com #Indigenomics,https://www.instagram.com/indigenomics/p/DE0kbDHTjya/,Indigenomics on Instagram,ca," Jan 14, 2025  ·  Join us this April at the HR MacMillan Space Centre in Vancouver, where we will highlight stories of Indigenous economic reconciliation outcomes ... ","Jan 14, 2025"
site:instagram.com #Indigenomics,https://www.instagram.com/indigenomics/p/DGi9DooT3cA/the-indigenomics-impact-agenda-is-live-get-ready-for-two-days-of-powerful-conver/?locale=es,The Indigenomics Impact Agenda is LIVE! Get ready for ... - Instagram,ca," Feb 27, 2025  ·  The Indigenous economy is on the rise, and these visionary leaders are boldly shaping the future. We are beyond excited to unveil the first ... ","Feb 27, 2025"
